lead,length,model,region,subset,gcm_accuracy,obs_accuracy,gcm_acc_low,gcm_acc_high
0,36,ACCESS-ESM1-5,global,all,0.42439303874780954,0.39230435200993796,0.4151349767601277,0.43744914989752376
0,36,ACCESS-ESM1-5,global,top40,0.49328538016448237,0.45400364801069787,0.48026432434015304,0.5107815814669466
0,36,ACCESS-ESM1-5,global,top20,0.5333637227805038,0.49767989495093773,0.5213151703012696,0.549299890466649
0,36,ACCESS-ESM1-5,north_pacific,all,0.4452258113152858,0.4060040479677725,0.43623984212894995,0.4551120042609841
0,36,ACCESS-ESM1-5,north_pacific,top40,0.5297211365002547,0.48623859366906474,0.5185282906346418,0.5417040032905095
0,36,ACCESS-ESM1-5,north_pacific,top20,0.5779407142267248,0.5555595940510045,0.562566729478298,0.5911053395612224
0,36,ACCESS-ESM1-5,tropical_pacific,all,0.4506589420485,0.4043275139787106,0.43998741554341037,0.46024112826169694
0,36,ACCESS-ESM1-5,tropical_pacific,top40,0.5385256941980547,0.4857623255461139,0.5215702662815505,0.553279903961482
0,36,ACCESS-ESM1-5,tropical_pacific,top20,0.591643961920112,0.5443872667896601,0.5677776108926533,0.6170117729287664
0,36,ACCESS-ESM1-5,southern_ocean,all,0.42736629035140705,0.40006735221545364,0.3937844853176856,0.45576755307523753
0,36,ACCESS-ESM1-5,southern_ocean,top40,0.49654652596178794,0.4677120317015912,0.4487244698965936,0.5522880951393353
0,36,ACCESS-ESM1-5,southern_ocean,top20,0.5320601313706447,0.5035323001304547,0.47692464618502195,0.6124250562518357
0,36,ACCESS-ESM1-5,north_atlantic,all,0.5010488398573296,0.4542744309576421,0.47388386250967607,0.5223537492837899
0,36,ACCESS-ESM1-5,north_atlantic,top40,0.6259353167636539,0.5536021838644822,0.5755703023036625,0.6640664726899049
0,36,ACCESS-ESM1-5,north_atlantic,top20,0.7040595393823403,0.5953675369361908,0.6358782036383502,0.7433144952263128
0,36,ACCESS-ESM1-5,tropical_atlantic,all,0.4198434525885412,0.4235454517003282,0.37966311514359824,0.45076603204379184
0,36,ACCESS-ESM1-5,tropical_atlantic,top40,0.48243718852159956,0.5102124085101811,0.4150215621581564,0.5272892315021339
0,36,ACCESS-ESM1-5,tropical_atlantic,top20,0.5188772582193815,0.5662439741897499,0.44046278600857675,0.578398617272586
0,36,ACCESS-ESM1-5,west_indian,all,0.42353126277883957,0.3448240614195503,0.40383609170596024,0.4544097685583836
0,36,ACCESS-ESM1-5,west_indian,top40,0.49550188970277365,0.38470553210425895,0.4653335634594255,0.5551353598537279
0,36,ACCESS-ESM1-5,west_indian,top20,0.5361070580497524,0.43239613672934957,0.4831652396639595,0.6011988570399198
0,36,CanESM5,global,all,0.4301875309576667,0.3989732258580633,0.42276426206311934,0.4380375283926161
0,36,CanESM5,global,top40,0.5026032220617157,0.4562745439291873,0.4880667012486961,0.5146168868313079
0,36,CanESM5,global,top20,0.5438924687611093,0.4956790462725521,0.5233219004610826,0.5573993227839107
0,36,CanESM5,north_pacific,all,0.43468909914155207,0.40920257823062584,0.4206546430063674,0.44577202128857374
0,36,CanESM5,north_pacific,top40,0.5158204808222431,0.48060881976173486,0.494953225687946,0.5338543831260892
0,36,CanESM5,north_pacific,top20,0.5620526765251065,0.5359544281218758,0.5414929022169257,0.5804363774019701
0,36,CanESM5,tropical_pacific,all,0.41174880284755194,0.41186285355831614,0.3904175164450966,0.4326161771845948
0,36,CanESM5,tropical_pacific,top40,0.47846915860785544,0.4818122356806421,0.4463317896599543,0.5111868200973746
0,36,CanESM5,tropical_pacific,top20,0.5214870747465665,0.5275816248419256,0.4776205312619694,0.5613001644383625
0,36,CanESM5,southern_ocean,all,0.5328144078683108,0.42698506503805994,0.512990703610815,0.5454109623045086
0,36,CanESM5,southern_ocean,top40,0.6600306998987244,0.50416406607788,0.6329910006586699,0.6775223065271186
0,36,CanESM5,southern_ocean,top20,0.7236974338037674,0.552070830719249,0.6996995492641295,0.7483052048206815
0,36,CanESM5,north_atlantic,all,0.44670759870408555,0.46371298845279624,0.42364006601532855,0.46579126321368786
0,36,CanESM5,north_atlantic,top40,0.537007110058745,0.5467257559936106,0.5032227945767858,0.5648360143433745
0,36,CanESM5,north_atlantic,top20,0.5866574496992837,0.5706233522140988,0.5556249250297488,0.6272071222617341
0,36,CanESM5,tropical_atlantic,all,0.41240245746422033,0.43157732454504694,0.40674796950525394,0.4253910754919448
0,36,CanESM5,tropical_atlantic,top40,0.471332481939716,0.5199015709987562,0.4626067572604103,0.4878238687374725
0,36,CanESM5,tropical_atlantic,top20,0.5005462119670315,0.5747064916624793,0.4843535769079821,0.5163487293864576
0,36,CanESM5,west_indian,all,0.4119898043257785,0.3563677956470676,0.39930781990875136,0.43629548121591494
0,36,CanESM5,west_indian,top40,0.4734179866945432,0.3917647219343325,0.4496143434700354,0.48769457349598994
0,36,CanESM5,west_indian,top20,0.5100084605210075,0.43838099483299214,0.47202678178759955,0.5305417346648384
0,36,CNRM-CM6-1,global,all,0.41570252065515606,0.39834600099634737,0.3982336285943328,0.4366072831990052
0,36,CNRM-CM6-1,global,top40,0.47215124474829917,0.45561329702165765,0.4500972300791773,0.496504057504085
0,36,CNRM-CM6-1,global,top20,0.5047636374908382,0.4942128805883973,0.48269052823308606,0.5256200138483959
0,36,CNRM-CM6-1,north_pacific,all,0.45126904939137014,0.4130414728972878,0.41734692894583,0.4972057675225158
0,36,CNRM-CM6-1,north_pacific,top40,0.5324650981891556,0.4878412353896974,0.4786524091080822,0.5868348355463693
0,36,CNRM-CM6-1,north_pacific,top20,0.576093805173291,0.5595181532143034,0.5128283268345325,0.6359307963299359
0,36,CNRM-CM6-1,tropical_pacific,all,0.402949062751565,0.39419436946495945,0.3850819764174602,0.4243999705702448
0,36,CNRM-CM6-1,tropical_pacific,top40,0.460291795495269,0.4586267166522076,0.42764208166797635,0.48759727536275216
0,36,CNRM-CM6-1,tropical_pacific,top20,0.4980721307067668,0.505507692030545,0.4555581078991663,0.5413630610875187
0,36,CNRM-CM6-1,southern_ocean,all,0.39812901982824184,0.4039896581335098,0.394379730070308,0.403491853711734
0,36,CNRM-CM6-1,southern_ocean,top40,0.4425166633469864,0.464506733127981,0.43299960350067584,0.4507437309834899
0,36,CNRM-CM6-1,southern_ocean,top20,0.4682989393314186,0.4919793504404945,0.44712835323736116,0.4797775414949096
0,36,CNRM-CM6-1,north_atlantic,all,0.6210422086778004,0.49142232295724314,0.5340053044949621,0.7078852090112575
0,36,CNRM-CM6-1,north_atlantic,top40,0.7599824501295542,0.5934503364200887,0.6711182806854176,0.8458725952116081
0,36,CNRM-CM6-1,north_atlantic,top20,0.8287554671059256,0.6409865487503089,0.8049318752500453,0.8748678452228836
0,36,CNRM-CM6-1,tropical_atlantic,all,0.4660621317262862,0.46362648417608515,0.4160436490283939,0.5378022630833579
0,36,CNRM-CM6-1,tropical_atlantic,top40,0.5471629572427734,0.5622686566729098,0.4886648083461811,0.6502389248817758
0,36,CNRM-CM6-1,tropical_atlantic,top20,0.5983486004598735,0.6191425559209874,0.5308804427516965,0.7125088262317799
0,36,CNRM-CM6-1,west_indian,all,0.41139139085744264,0.3735895640958594,0.38244582374900726,0.44246637097031394
0,36,CNRM-CM6-1,west_indian,top40,0.46997281083064424,0.41477012046877976,0.43371084376899943,0.5245672113870239
0,36,CNRM-CM6-1,west_indian,top20,0.5015522466266636,0.44655585512028684,0.45196476431554106,0.5437074771463097
0,36,GISS-E2-1-G,global,all,0.45868535433658575,0.38832503900655485,0.4499187909446485,0.46286507079376227
0,36,GISS-E2-1-G,global,top40,0.5487237961432553,0.43976385115463296,0.5359562970764712,0.5572400647188044
0,36,GISS-E2-1-G,global,top20,0.5957812514158448,0.4790656606462393,0.5767138546638578,0.6037826871168223
0,36,GISS-E2-1-G,north_pacific,all,0.4507665015173391,0.39224741864236684,0.43225247055686156,0.46003815239915224
0,36,GISS-E2-1-G,north_pacific,top40,0.536540325445542,0.4532420900427025,0.5150189601576466,0.5536325184859477
0,36,GISS-E2-1-G,north_pacific,top20,0.5809960229502613,0.504640587840198,0.5703763328879027,0.5998905475043491
0,36,GISS-E2-1-G,tropical_pacific,all,0.49529305192398276,0.37685591595506646,0.49303350091392234,0.49861008020340714
0,36,GISS-E2-1-G,tropical_pacific,top40,0.6044098520937949,0.43239153306626205,0.5913336752036933,0.6147794220856942
0,36,GISS-E2-1-G,tropical_pacific,top20,0.6622427208585804,0.4809663229006947,0.6402943274266011,0.6770881458404611
0,36,GISS-E2-1-G,southern_ocean,all,0.4702376110312384,0.4362562534961706,0.4525634109329265,0.48607433662819677
0,36,GISS-E2-1-G,southern_ocean,top40,0.5777631802889125,0.506168659956569,0.5458155438721465,0.607299095557221
0,36,GISS-E2-1-G,southern_ocean,top20,0.6365007702964024,0.5447808042347221,0.5981343790473007,0.6841400510267365
0,36,GISS-E2-1-G,north_atlantic,all,0.48063061585724814,0.4336322896048457,0.45341637085736863,0.5032965900474126
0,36,GISS-E2-1-G,north_atlantic,top40,0.5889942809480546,0.5246730233378117,0.5400987830921756,0.6265317352150994
0,36,GISS-E2-1-G,north_atlantic,top20,0.6496951833006428,0.5793344408864826,0.5969736171636668,0.702532881504716
0,36,GISS-E2-1-G,tropical_atlantic,all,0.4592102627265319,0.40148591897359465,0.4333374474680394,0.48761339864041814
0,36,GISS-E2-1-G,tropical_atlantic,top40,0.5468894400746797,0.4557692131103291,0.5197544437773709,0.5836544211513516
0,36,GISS-E2-1-G,tropical_atlantic,top20,0.5905093253493847,0.4945359941594017,0.5527124378423858,0.6116085425413811
0,36,GISS-E2-1-G,west_indian,all,0.5339944573510726,0.3613834937573004,0.5158258249500406,0.5681082179563952
0,36,GISS-E2-1-G,west_indian,top40,0.673544337779387,0.40899065470683976,0.6425545183365445,0.6945144216798315
0,36,GISS-E2-1-G,west_indian,top20,0.7273195138725426,0.45178881710346025,0.6686404032398114,0.7603740726069027
0,36,IPSL-CM6A-LR,global,all,0.4190109053379883,0.4034803588410945,0.4043491642441923,0.44304231006570266
0,36,IPSL-CM6A-LR,global,top40,0.48479428601230845,0.4646834296318198,0.45498656364720524,0.5301264488836827
0,36,IPSL-CM6A-LR,global,top20,0.5256852255741081,0.5072606549942624,0.48300949189936765,0.5849654177967611
0,36,IPSL-CM6A-LR,north_pacific,all,0.429780184652141,0.4193347366061595,0.41296713996606277,0.4636199990351591
0,36,IPSL-CM6A-LR,north_pacific,top40,0.5020272513983894,0.4973235405796185,0.48227805733216944,0.5520915226455994
0,36,IPSL-CM6A-LR,north_pacific,top20,0.5448182304720252,0.5627079595900741,0.5146093606598086,0.6010018015194819
0,36,IPSL-CM6A-LR,tropical_pacific,all,0.42532899759683557,0.4067463259751503,0.39316930192808164,0.4530239103653682
0,36,IPSL-CM6A-LR,tropical_pacific,top40,0.49844463499595093,0.47957936100503473,0.4501167273094778,0.54404041035603
0,36,IPSL-CM6A-LR,tropical_pacific,top20,0.5458441315658888,0.5443394921409874,0.48618599243956406,0.6056234442740377
0,36,IPSL-CM6A-LR,southern_ocean,all,0.42505818892429365,0.40318694423065227,0.3965610741087347,0.477043553948316
0,36,IPSL-CM6A-LR,southern_ocean,top40,0.49349831709862013,0.4617211435849346,0.4328770504584381,0.5811738276670332
0,36,IPSL-CM6A-LR,southern_ocean,top20,0.5322637343507965,0.49897782217339576,0.4538535523191729,0.6319011398464679
0,36,IPSL-CM6A-LR,north_atlantic,all,0.5033529067973828,0.5021038702535303,0.46160341805892774,0.5414688543067819
0,36,IPSL-CM6A-LR,north_atlantic,top40,0.6187815375256649,0.5983436919869447,0.5628091409000677,0.6762699776132722
0,36,IPSL-CM6A-LR,north_atlantic,top20,0.6793859969873305,0.6346201767568015,0.616570172110146,0.7402988742562254
0,36,IPSL-CM6A-LR,tropical_atlantic,all,0.43881258149122565,0.4626677122146877,0.40191151216770366,0.5003294511390292
0,36,IPSL-CM6A-LR,tropical_atlantic,top40,0.526570007844997,0.572668826032564,0.47680856713391107,0.6330051323663293
0,36,IPSL-CM6A-LR,tropical_atlantic,top20,0.5885605506428726,0.6218194842335866,0.5434706802557602,0.7061137446143413
0,36,IPSL-CM6A-LR,west_indian,all,0.43450260625681986,0.36637063799023845,0.3902706026174495,0.49755700763079463
0,36,IPSL-CM6A-LR,west_indian,top40,0.5085320735542753,0.4139116940865728,0.4220104552787703,0.6210251532626773
0,36,IPSL-CM6A-LR,west_indian,top20,0.5509048752194678,0.45486232367547447,0.4154613626976179,0.6976860944020721
0,36,MIROC-ES2L,global,all,0.4687810492449388,0.3932400456250298,0.4535307709362681,0.4770670803715125
0,36,MIROC-ES2L,global,top40,0.5681530677312108,0.44425488453918094,0.5438098580138461,0.5784663189849022
0,36,MIROC-ES2L,global,top20,0.6254266661299661,0.47892101648635543,0.597270899658201,0.6400694705258289
0,36,MIROC-ES2L,north_pacific,all,0.4791554610555252,0.38576769456540005,0.46898422954444574,0.49408070597707604
0,36,MIROC-ES2L,north_pacific,top40,0.5850071075209854,0.4294099421302771,0.5687925579935028,0.6086358132853099
0,36,MIROC-ES2L,north_pacific,top20,0.6453544297570187,0.46658815647575724,0.6241739074443717,0.6721540756339615
0,36,MIROC-ES2L,tropical_pacific,all,0.5167557019811252,0.3917685107556356,0.48782213974852284,0.5474079581597787
0,36,MIROC-ES2L,tropical_pacific,top40,0.6446103378674531,0.4321927967052961,0.6085698815231266,0.6942370775665402
0,36,MIROC-ES2L,tropical_pacific,top20,0.7215138747966795,0.46202140931181274,0.6849465969120505,0.7845525520157626
0,36,MIROC-ES2L,southern_ocean,all,0.46499759652720896,0.4339221917443206,0.450049105350183,0.482142834558621
0,36,MIROC-ES2L,southern_ocean,top40,0.5638561666834817,0.5116642312446055,0.5321487868652388,0.5941968136458237
0,36,MIROC-ES2L,southern_ocean,top20,0.6178309218257412,0.5545113707364742,0.5796040712712478,0.651320614551979
0,36,MIROC-ES2L,north_atlantic,all,0.4654423044621221,0.4502168391050656,0.4462826684389079,0.4898707705420374
0,36,MIROC-ES2L,north_atlantic,top40,0.559120111112837,0.5437424841031756,0.532856572593558,0.5899841970838405
0,36,MIROC-ES2L,north_atlantic,top20,0.6097769801266818,0.5986765774450153,0.5749980509273548,0.6438575701679731
0,36,MIROC-ES2L,tropical_atlantic,all,0.4364126119777132,0.401710727534428,0.42990767793172274,0.44518581294466447
0,36,MIROC-ES2L,tropical_atlantic,top40,0.5128823869219905,0.4598348236163898,0.4986000965151539,0.5356864532272947
0,36,MIROC-ES2L,tropical_atlantic,top20,0.5580297573309899,0.49303976869220417,0.536149005673461,0.5983629306591074
0,36,MIROC-ES2L,west_indian,all,0.5388866711653867,0.36744652895161933,0.5073983396248134,0.5533288039089108
0,36,MIROC-ES2L,west_indian,top40,0.6759646268476065,0.41910552967580117,0.6222934950777763,0.7103278403595413
0,36,MIROC-ES2L,west_indian,top20,0.7432388046906254,0.49235409305002786,0.6851713626763106,0.7737407887976838
0,36,MIROC6,global,all,0.4706398884714514,0.39588776733189496,0.4561394144913838,0.4905201608756821
0,36,MIROC6,global,top40,0.5714209040248013,0.44804037144070324,0.5501124283808736,0.5998984072907478
0,36,MIROC6,global,top20,0.6331979255275362,0.4838841204760542,0.6038611671357316,0.6651330000135531
0,36,MIROC6,north_pacific,all,0.4671579965465028,0.4107226682798567,0.4574729575740155,0.48242862093828043
0,36,MIROC6,north_pacific,top40,0.5678974386365306,0.47024580037137165,0.5493737459729894,0.5906161303842422
0,36,MIROC6,north_pacific,top20,0.6351414885781,0.5211344470905664,0.5991874324030342,0.6632134484790173
0,36,MIROC6,tropical_pacific,all,0.5325556697768761,0.4018067204394212,0.48833968243733783,0.5607252266490286
0,36,MIROC6,tropical_pacific,top40,0.6699788360637491,0.46305735855042984,0.6145500184682365,0.7033864989776065
0,36,MIROC6,tropical_pacific,top20,0.751922399821912,0.5091856701360965,0.7012990016400944,0.7955735802928074
0,36,MIROC6,southern_ocean,all,0.46245009555583855,0.404514062579676,0.44844671622365945,0.4792838123388771
0,36,MIROC6,southern_ocean,top40,0.5636177286025765,0.4581286767138511,0.5407603004206246,0.592300095129085
0,36,MIROC6,southern_ocean,top20,0.6224465680686478,0.4900687564590859,0.5894986725224395,0.6675459034184884
0,36,MIROC6,north_atlantic,all,0.4922137752338619,0.46823468147865954,0.4798295558258332,0.5088519168915618
0,36,MIROC6,north_atlantic,top40,0.6089948800437093,0.5481525036391073,0.592478048024787,0.6399190109084527
0,36,MIROC6,north_atlantic,top20,0.6764928586255303,0.5620597330437602,0.6578062863931783,0.7138989814650877
0,36,MIROC6,tropical_atlantic,all,0.4672793159597994,0.4199233920466634,0.4555672257064595,0.48280781807266376
0,36,MIROC6,tropical_atlantic,top40,0.5617086196794772,0.49597266633382914,0.5461764821709137,0.5828901634075719
0,36,MIROC6,tropical_atlantic,top20,0.6157388746233027,0.5400768818789801,0.5964511638428966,0.6405052990573192
0,36,MIROC6,west_indian,all,0.5542052574199485,0.3855746008358521,0.5241342061824894,0.6043225805073199
0,36,MIROC6,west_indian,top40,0.7007567453437986,0.4550377495371254,0.650844805558076,0.7575896395303443
0,36,MIROC6,west_indian,top20,0.7735442976776159,0.5468582266012156,0.6919255612637826,0.8370610470197486
0,36,MPI-ESM1-2-LR,global,all,0.43224425164611363,0.39685523975953163,0.4269514434924165,0.4392419731097339
0,36,MPI-ESM1-2-LR,global,top40,0.5089208445102188,0.4506870897117551,0.5027297494931641,0.5218493213093711
0,36,MPI-ESM1-2-LR,global,top20,0.5492670272922839,0.4883998410528735,0.5398746200410128,0.5651961882127533
0,36,MPI-ESM1-2-LR,north_pacific,all,0.451451248167453,0.3908512629629604,0.44056908464620453,0.4684993064977276
0,36,MPI-ESM1-2-LR,north_pacific,top40,0.544326156451404,0.44310588841251436,0.5255226373610571,0.5763096087169356
0,36,MPI-ESM1-2-LR,north_pacific,top20,0.5931396171072364,0.4883410334926731,0.5656084131820261,0.6413101578335705
0,36,MPI-ESM1-2-LR,tropical_pacific,all,0.46180742951193443,0.4101867647134923,0.4508188944052274,0.4871698743673817
0,36,MPI-ESM1-2-LR,tropical_pacific,top40,0.5617381032783587,0.48139947554104073,0.5421679477925083,0.5841916772109303
0,36,MPI-ESM1-2-LR,tropical_pacific,top20,0.6064898853283308,0.5238417182418583,0.5658622995404781,0.6501337105939685
0,36,MPI-ESM1-2-LR,southern_ocean,all,0.4299625933638819,0.41511137436803835,0.41646327162738,0.43989262831920706
0,36,MPI-ESM1-2-LR,southern_ocean,top40,0.5047586091775981,0.47305993472770147,0.48337034102301135,0.5195986429031869
0,36,MPI-ESM1-2-LR,southern_ocean,top20,0.5462323941353089,0.5070708658790591,0.5239766570871606,0.5595037323019783
0,36,MPI-ESM1-2-LR,north_atlantic,all,0.4791489294794837,0.478382418904182,0.44717832150113795,0.5138304627681691
0,36,MPI-ESM1-2-LR,north_atlantic,top40,0.5823966264224728,0.5738807638029385,0.5351541070255407,0.6394667913724066
0,36,MPI-ESM1-2-LR,north_atlantic,top20,0.6358386527332647,0.6099897590578249,0.5813370977888525,0.6990267003766767
0,36,MPI-ESM1-2-LR,tropical_atlantic,all,0.42547759706414867,0.43010672025477564,0.4154977825225428,0.43799561616138405
0,36,MPI-ESM1-2-LR,tropical_atlantic,top40,0.4969627122098784,0.5083471121911134,0.48055358124464315,0.5231535795845174
0,36,MPI-ESM1-2-LR,tropical_atlantic,top20,0.527649136146942,0.5730926879771615,0.5001811406701011,0.5677004753144704
0,36,MPI-ESM1-2-LR,west_indian,all,0.4638326948955022,0.3913957107576956,0.4331327322602195,0.49795747493057213
0,36,MPI-ESM1-2-LR,west_indian,top40,0.5713405403375688,0.4587141585604875,0.5262177721162589,0.6130799630634006
0,36,MPI-ESM1-2-LR,west_indian,top20,0.631312718036156,0.5206246961884502,0.5756959492039572,0.6742333508420805
0,36,NorCPM1,global,all,0.4270276162003775,0.3981408421134253,0.4194420987180167,0.43369306242096917
0,36,NorCPM1,global,top40,0.5030028036773889,0.45465386747879166,0.48683168407120786,0.5134766398615911
0,36,NorCPM1,global,top20,0.5499515699844035,0.49131114349925586,0.5244834590112822,0.5616734180740445
0,36,NorCPM1,north_pacific,all,0.44669128433007793,0.39638893217772736,0.4354975534342221,0.45880252877888517
0,36,NorCPM1,north_pacific,top40,0.5426651864310084,0.45990856306122807,0.5220968388596315,0.5598144617132104
0,36,NorCPM1,north_pacific,top20,0.6067964207416636,0.5081645606708134,0.5798766086276906,0.6273174669797028
0,36,NorCPM1,tropical_pacific,all,0.4258601823681962,0.394965483220289,0.40326062796110385,0.44711218435945616
0,36,NorCPM1,tropical_pacific,top40,0.5060901951199699,0.4597253806569815,0.45715574587891067,0.5490532965575541
0,36,NorCPM1,tropical_pacific,top20,0.5584118921921638,0.5054884837389998,0.4801227077991212,0.6322906706617468
0,36,NorCPM1,southern_ocean,all,0.47630936558403425,0.4346499786960063,0.46421817013170635,0.48468943030492573
0,36,NorCPM1,southern_ocean,top40,0.5862713272752258,0.508836534584181,0.563792981106767,0.5999098559520997
0,36,NorCPM1,southern_ocean,top20,0.6463566675754794,0.544018294207202,0.6176497100857592,0.6638711800780982
0,36,NorCPM1,north_atlantic,all,0.44521647431403444,0.44793033903897267,0.4292566854155554,0.47547680036818296
0,36,NorCPM1,north_atlantic,top40,0.5262995498036662,0.5385009182489139,0.5057184468743029,0.5612990398871414
0,36,NorCPM1,north_atlantic,top20,0.5750287152306182,0.5768956235021598,0.5491580821623053,0.606929712875177
0,36,NorCPM1,tropical_atlantic,all,0.42550011183265024,0.41766542313587973,0.4011201370858908,0.45140105098673566
0,36,NorCPM1,tropical_atlantic,top40,0.4984475216390306,0.4912956062644823,0.4587034190746301,0.5454219939399061
0,36,NorCPM1,tropical_atlantic,top20,0.5437321265005408,0.5374031436102202,0.4960716182345843,0.5966311231464562
0,36,NorCPM1,west_indian,all,0.4066328869537393,0.3761170060639146,0.3957678937120275,0.41866486003509945
0,36,NorCPM1,west_indian,top40,0.47093147753303877,0.4344853471720344,0.44692033237775064,0.49533253337507305
0,36,NorCPM1,west_indian,top20,0.5091428905548276,0.4928335407662332,0.4812764302543327,0.5497072029600274
0,60,ACCESS-ESM1-5,global,all,0.409540319127284,0.38976125683693486,0.39616558403654706,0.42073102670079554
0,60,ACCESS-ESM1-5,global,top40,0.46440665921782304,0.44173544045228114,0.44410368374543396,0.4826449998075152
0,60,ACCESS-ESM1-5,global,top20,0.4959557003856369,0.4818896033970293,0.47145492543862977,0.5179928940430529
0,60,ACCESS-ESM1-5,north_pacific,all,0.41645143027645365,0.4070158325671246,0.41143486398158635,0.424697345356147
0,60,ACCESS-ESM1-5,north_pacific,top40,0.4778787234083025,0.4815910299908114,0.4741896938038722,0.4858767417155171
0,60,ACCESS-ESM1-5,north_pacific,top20,0.5169592847224888,0.5514282284470359,0.5050148634245559,0.5283755472736605
0,60,ACCESS-ESM1-5,tropical_pacific,all,0.4285078693821543,0.4164139868091874,0.41068768628878805,0.44934582037020093
0,60,ACCESS-ESM1-5,tropical_pacific,top40,0.495719890210241,0.4977618471151114,0.46767529323477774,0.5176061347105466
0,60,ACCESS-ESM1-5,tropical_pacific,top20,0.5342226615683181,0.5653473651671593,0.5037568143966601,0.5508030727299271
0,60,ACCESS-ESM1-5,southern_ocean,all,0.4235586667358472,0.39855250686677374,0.38654048442303207,0.4622287427357125
0,60,ACCESS-ESM1-5,southern_ocean,top40,0.48433114987933906,0.45184277347992774,0.4199776570601463,0.5648697967910216
0,60,ACCESS-ESM1-5,southern_ocean,top20,0.5139732650280957,0.4803348936876548,0.43214796661293026,0.6283640915782678
0,60,ACCESS-ESM1-5,north_atlantic,all,0.46623981982878454,0.44667872465221226,0.43300592396918086,0.49342127892347454
0,60,ACCESS-ESM1-5,north_atlantic,top40,0.5641746169328454,0.5144797614770832,0.5204543436655771,0.6083452650919385
0,60,ACCESS-ESM1-5,north_atlantic,top20,0.6293951195840788,0.5423522870881574,0.5710303945672311,0.6765843070323134
0,60,ACCESS-ESM1-5,tropical_atlantic,all,0.4081486822843955,0.41404528626970705,0.3653576374108635,0.4351520368682179
0,60,ACCESS-ESM1-5,tropical_atlantic,top40,0.4609946088146743,0.4797300340905766,0.38930773770544563,0.5064054593101026
0,60,ACCESS-ESM1-5,tropical_atlantic,top20,0.48879351200793975,0.522930617226653,0.41370892937085496,0.5372474234012374
0,60,ACCESS-ESM1-5,west_indian,all,0.4192595243432521,0.3354898437575423,0.391885960445625,0.43959633887800426
0,60,ACCESS-ESM1-5,west_indian,top40,0.4753127329169963,0.37993259242032146,0.4428253414977576,0.511325763073881
0,60,ACCESS-ESM1-5,west_indian,top20,0.5020004978243031,0.4442989171429188,0.47357195196118185,0.5426380775549752
0,60,CanESM5,global,all,0.4165643400187095,0.39068850334046334,0.41366667308139893,0.42075892761586997
0,60,CanESM5,global,top40,0.4752399969285021,0.4387063231033166,0.46952186071542323,0.48228628739222346
0,60,CanESM5,global,top20,0.5073670795917776,0.4715661749903173,0.4975718170182858,0.5148540187105624
0,60,CanESM5,north_pacific,all,0.4088174257280569,0.40784373455624573,0.38670827507109334,0.4203456723443716
0,60,CanESM5,north_pacific,top40,0.464617814130161,0.477818530061008,0.43496040120073093,0.4793944687961253
0,60,CanESM5,north_pacific,top20,0.4971846583140018,0.5348168364547276,0.4561989726100294,0.5195813794900125
0,60,CanESM5,tropical_pacific,all,0.3948408291478337,0.4031431358888075,0.3829395910163734,0.41045879535830804
0,60,CanESM5,tropical_pacific,top40,0.44659998615396024,0.4683978717594135,0.42305746302081226,0.4711808290258688
0,60,CanESM5,tropical_pacific,top20,0.47472825831387333,0.5160497824553042,0.43486469963677454,0.5234292585778738
0,60,CanESM5,southern_ocean,all,0.5313857014971246,0.41487814134569206,0.5069996514534224,0.5539516391110954
0,60,CanESM5,southern_ocean,top40,0.6520520332894443,0.47443943914042785,0.6193994369053537,0.67787410364935
0,60,CanESM5,southern_ocean,top20,0.7114659035922637,0.5126738201947156,0.67369934959924,0.7485425397827188
0,60,CanESM5,north_atlantic,all,0.42750593264644693,0.43900402199441346,0.40709322220175553,0.4426179792742608
0,60,CanESM5,north_atlantic,top40,0.4995050026857203,0.5025383700147912,0.45278615492464336,0.5443769181141932
0,60,CanESM5,north_atlantic,top20,0.5385031568920006,0.5112911172739448,0.4706875939717343,0.6012114263828245
0,60,CanESM5,tropical_atlantic,all,0.3945340356754737,0.4205239342166178,0.3771301889909813,0.4126491720743993
0,60,CanESM5,tropical_atlantic,top40,0.4408710622740675,0.49123191773640706,0.40646480402273655,0.4742626108681441
0,60,CanESM5,tropical_atlantic,top20,0.47070700720764946,0.5311952333677424,0.4183481986178765,0.5213652899422577
0,60,CanESM5,west_indian,all,0.3878364234543667,0.32974023102318617,0.38351769926252155,0.3953221874335657
0,60,CanESM5,west_indian,top40,0.42315131557287133,0.3563933068452284,0.4110507641908455,0.43705866933589416
0,60,CanESM5,west_indian,top20,0.44163958749870014,0.3872192060592069,0.43429511791901315,0.45153773747362014
0,60,CNRM-CM6-1,global,all,0.4190057366650213,0.39325053762198064,0.39368851561997237,0.4461328135283322
0,60,CNRM-CM6-1,global,top40,0.47411932080560093,0.44189518409472767,0.444393589831857,0.5105535440846426
0,60,CNRM-CM6-1,global,top20,0.5053286163857836,0.47482672671635934,0.47125054110499714,0.5372000305455553
0,60,CNRM-CM6-1,north_pacific,all,0.4576678863614313,0.42779230584860584,0.40601266772747746,0.5107782758887472
0,60,CNRM-CM6-1,north_pacific,top40,0.541405401769197,0.5061903935597514,0.4639061678332867,0.6132009106239787
0,60,CNRM-CM6-1,north_pacific,top20,0.5859999099843967,0.5666671045127342,0.48920478401600276,0.6614181767925187
0,60,CNRM-CM6-1,tropical_pacific,all,0.4125552324967213,0.3988310112299041,0.38493902576046746,0.4402238675776543
0,60,CNRM-CM6-1,tropical_pacific,top40,0.47534163768400184,0.4669292241384167,0.4472534622082741,0.5207561095247948
0,60,CNRM-CM6-1,tropical_pacific,top20,0.5145218857177827,0.5207946918125004,0.4652036272432431,0.5586748113832982
0,60,CNRM-CM6-1,southern_ocean,all,0.379223773323187,0.3825330194319803,0.3741065507479276,0.3872190224155373
0,60,CNRM-CM6-1,southern_ocean,top40,0.410372739530444,0.41958087325648674,0.3953095510407776,0.4249751559744332
0,60,CNRM-CM6-1,southern_ocean,top20,0.4244527592327566,0.44144188113071414,0.39224374547275187,0.4426600278914531
0,60,CNRM-CM6-1,north_atlantic,all,0.6357398828510016,0.4797947824639842,0.5420316846091607,0.7202594305595266
0,60,CNRM-CM6-1,north_atlantic,top40,0.762609275136692,0.554611895760666,0.6806642489739154,0.8428442906777469
0,60,CNRM-CM6-1,north_atlantic,top20,0.8248151300008173,0.5897002678774719,0.7890061763460956,0.8629311518238287
0,60,CNRM-CM6-1,tropical_atlantic,all,0.4917421919505001,0.47365650938130166,0.42821481746655954,0.5731272135256178
0,60,CNRM-CM6-1,tropical_atlantic,top40,0.5790441323050963,0.5642836127015379,0.5088572514935141,0.6822984963588634
0,60,CNRM-CM6-1,tropical_atlantic,top20,0.6282021182386164,0.6002385513634976,0.5399371163629236,0.7492838732943771
0,60,CNRM-CM6-1,west_indian,all,0.4170916817851912,0.3393833889213898,0.37532517951373534,0.4601088762214805
0,60,CNRM-CM6-1,west_indian,top40,0.48111596530310796,0.36376731879206786,0.42428456785307656,0.550097029145007
0,60,CNRM-CM6-1,west_indian,top20,0.523823473930662,0.3881227900545051,0.4692024398606965,0.5873759573783313
0,60,GISS-E2-1-G,global,all,0.41380770183800536,0.3885724193874259,0.40939885457164593,0.41961069951638236
0,60,GISS-E2-1-G,global,top40,0.4742531012322054,0.4337346128475523,0.4670930135292077,0.4834514857155571
0,60,GISS-E2-1-G,global,top20,0.5100554269203286,0.4636046151954207,0.49749838517441775,0.5217273253682816
0,60,GISS-E2-1-G,north_pacific,all,0.4024106905071735,0.39178292097339895,0.38280735259114024,0.4228890799524953
0,60,GISS-E2-1-G,north_pacific,top40,0.45184434441541155,0.45283329745037965,0.4127158625560014,0.4804149990057043
0,60,GISS-E2-1-G,north_pacific,top20,0.47611370238977024,0.5082942237893027,0.4235982661758761,0.5052627624449645
0,60,GISS-E2-1-G,tropical_pacific,all,0.4274201474707945,0.4120923709879004,0.4078725021129139,0.44806635382962656
0,60,GISS-E2-1-G,tropical_pacific,top40,0.4975261489363896,0.47459194977366426,0.47382766338238,0.5291600386564995
0,60,GISS-E2-1-G,tropical_pacific,top20,0.5438957983286286,0.5225974902473292,0.5249044841477309,0.5720087170386222
0,60,GISS-E2-1-G,southern_ocean,all,0.45048187451593247,0.4287055808383498,0.41696724832503845,0.4806365548605707
0,60,GISS-E2-1-G,southern_ocean,top40,0.5441988639608726,0.4927409752151792,0.4860371283122869,0.5918145837547448
0,60,GISS-E2-1-G,southern_ocean,top20,0.5975209448612144,0.5301135434778904,0.5315846362023543,0.6525291227495285
0,60,GISS-E2-1-G,north_atlantic,all,0.46767525769894835,0.4302168947774449,0.43928360667631133,0.4989216549709387
0,60,GISS-E2-1-G,north_atlantic,top40,0.5715705895619893,0.49941970504447303,0.523187093964779,0.6178248140821465
0,60,GISS-E2-1-G,north_atlantic,top20,0.6295575865998928,0.5457403084782592,0.5708696517293372,0.683929323967372
0,60,GISS-E2-1-G,tropical_atlantic,all,0.41659757179574,0.40989421829686445,0.39391417748933044,0.4489550270862941
0,60,GISS-E2-1-G,tropical_atlantic,top40,0.4787646666761017,0.47314434770419844,0.42300907792667836,0.5326484340269321
0,60,GISS-E2-1-G,tropical_atlantic,top20,0.5176471703201415,0.5260502533398166,0.4360995838658143,0.5791730764320719
0,60,GISS-E2-1-G,west_indian,all,0.4433917669617893,0.3431048094136993,0.4065155418171967,0.46607366570164577
0,60,GISS-E2-1-G,west_indian,top40,0.5241280657262687,0.3729174216689551,0.46704014166794056,0.5660319912173561
0,60,GISS-E2-1-G,west_indian,top20,0.5745566962611267,0.39641297994433294,0.5323705786536325,0.6121574575879452
0,60,IPSL-CM6A-LR,global,all,0.41233431956995226,0.39932306864766476,0.39652782341589576,0.4381470221663332
0,60,IPSL-CM6A-LR,global,top40,0.47162498615634035,0.45391206963879693,0.4415511603254053,0.5216437439922809
0,60,IPSL-CM6A-LR,global,top20,0.5090230711136353,0.4941332693637346,0.4677409603556646,0.5725533352184886
0,60,IPSL-CM6A-LR,north_pacific,all,0.42297791661670797,0.4272680007216609,0.4039545779299754,0.46079037317924093
0,60,IPSL-CM6A-LR,north_pacific,top40,0.4900173313792357,0.5101310135045858,0.45124070436179853,0.5572476339276928
0,60,IPSL-CM6A-LR,north_pacific,top20,0.5294931366813783,0.5764037642089382,0.48454815878953555,0.6065641038594317
0,60,IPSL-CM6A-LR,tropical_pacific,all,0.40561398406272586,0.4136875366959895,0.38102509659451955,0.4376017876467618
0,60,IPSL-CM6A-LR,tropical_pacific,top40,0.45936482160871783,0.5017960227608274,0.41033734297683455,0.5177778401798182
0,60,IPSL-CM6A-LR,tropical_pacific,top20,0.5053272237951323,0.5693244751943581,0.4362568656887971,0.5817020101660043
0,60,IPSL-CM6A-LR,southern_ocean,all,0.4170523285593971,0.3862453048420434,0.39005771814978085,0.4771605642316713
0,60,IPSL-CM6A-LR,southern_ocean,top40,0.479551977452963,0.4263713666589053,0.43330685730471064,0.5778274498541459
0,60,IPSL-CM6A-LR,southern_ocean,top20,0.5103716544251046,0.4497507878021703,0.45768233562426847,0.6133124660615079
0,60,IPSL-CM6A-LR,north_atlantic,all,0.5011340396608615,0.4963061905846384,0.4660322440948362,0.5398556257452855
0,60,IPSL-CM6A-LR,north_atlantic,top40,0.6120587690470723,0.5926031826175183,0.572195534308503,0.6794183719759108
0,60,IPSL-CM6A-LR,north_atlantic,top20,0.6697643277739646,0.6196400930906025,0.61931053187321,0.72065192810697
0,60,IPSL-CM6A-LR,tropical_atlantic,all,0.44279668044062337,0.4669007216345659,0.39005317924457633,0.49960600950706835
0,60,IPSL-CM6A-LR,tropical_atlantic,top40,0.5299921836543385,0.5733521060826429,0.45713369125333725,0.6451169244752968
0,60,IPSL-CM6A-LR,tropical_atlantic,top20,0.5874842520278445,0.6360125940553228,0.5312103403479572,0.7274758469302499
0,60,IPSL-CM6A-LR,west_indian,all,0.44231697923768243,0.3624118981973842,0.3904728220014233,0.4996243571729832
0,60,IPSL-CM6A-LR,west_indian,top40,0.5206720462214538,0.3695221137400927,0.4056136624240527,0.651535149973987
0,60,IPSL-CM6A-LR,west_indian,top20,0.5706923017837444,0.39279482909160324,0.39511291119136643,0.7476343789401529
0,60,MIROC-ES2L,global,all,0.4028995351817142,0.38180611766003675,0.39318976766509917,0.41508829163158206
0,60,MIROC-ES2L,global,top40,0.45615196815272946,0.4193965633809082,0.43647633208798114,0.47852379930296457
0,60,MIROC-ES2L,global,top20,0.4904695765437311,0.4450910977255649,0.46226914573045075,0.5168003463080768
0,60,MIROC-ES2L,north_pacific,all,0.4100386745751113,0.3673923193490962,0.389173945316822,0.42994561673445963
0,60,MIROC-ES2L,north_pacific,top40,0.4668930061904506,0.40441028944368984,0.4237651542460821,0.5015114757319727
0,60,MIROC-ES2L,north_pacific,top20,0.5045208141333708,0.4338178306178387,0.4523373606362789,0.550531511217623
0,60,MIROC-ES2L,tropical_pacific,all,0.40983286426646465,0.3963065114843813,0.3962844168287818,0.42680241815310194
0,60,MIROC-ES2L,tropical_pacific,top40,0.4696145096291372,0.43599016198368695,0.4508327626509198,0.5023540205290367
0,60,MIROC-ES2L,tropical_pacific,top20,0.5094654738027667,0.46289145391684244,0.477346966190834,0.5450524199619234
0,60,MIROC-ES2L,southern_ocean,all,0.4428366399177345,0.4231842608123033,0.41960417620534574,0.4696909538775802
0,60,MIROC-ES2L,southern_ocean,top40,0.5256112256147786,0.48788847560012644,0.4850386328818691,0.5692558604425206
0,60,MIROC-ES2L,southern_ocean,top20,0.5757000449415652,0.5256761190628256,0.5293118323867587,0.6300024120592786
0,60,MIROC-ES2L,north_atlantic,all,0.4213846272361522,0.4249052845700391,0.40682172562475394,0.4461773848763744
0,60,MIROC-ES2L,north_atlantic,top40,0.4873834137095471,0.48510778222030304,0.4682974831336408,0.52372296229049
0,60,MIROC-ES2L,north_atlantic,top20,0.5262716516710626,0.5201153138186293,0.4876437323648509,0.5844175690178715
0,60,MIROC-ES2L,tropical_atlantic,all,0.370385336095631,0.37283459822509735,0.3586228536128368,0.38371382273501864
0,60,MIROC-ES2L,tropical_atlantic,top40,0.39209353092057164,0.3980751757360462,0.3733326077856419,0.4161368604865304
0,60,MIROC-ES2L,tropical_atlantic,top20,0.40219372839587847,0.41138311777122366,0.372960334540768,0.43964536733543647
0,60,MIROC-ES2L,west_indian,all,0.41101307079413446,0.349022912670382,0.38137465203663623,0.4413525450168122
0,60,MIROC-ES2L,west_indian,top40,0.46879239933054045,0.37809272326363497,0.41446100565453453,0.5127316020629552
0,60,MIROC-ES2L,west_indian,top20,0.503584050292395,0.4170550018291315,0.4435969766184024,0.5564107995965446
0,60,MIROC6,global,all,0.4167540744367494,0.3790734788006993,0.4093774782836711,0.43019066853677246
0,60,MIROC6,global,top40,0.48219442097186993,0.41471405697621017,0.4641566001411717,0.5069693549398854
0,60,MIROC6,global,top20,0.5255653906398595,0.436123062231377,0.4941759076950051,0.558042531927766
0,60,MIROC6,north_pacific,all,0.4081224349511519,0.38485862308036456,0.4019370347823233,0.41186845126654287
0,60,MIROC6,north_pacific,top40,0.4668198867059206,0.43266817117026496,0.4573317454433591,0.4738802476328607
0,60,MIROC6,north_pacific,top20,0.5072281374941692,0.47915174538106475,0.4991807484538112,0.5141981727120016
0,60,MIROC6,tropical_pacific,all,0.45288249337350395,0.37342442553680405,0.4380448886843204,0.4722224489915165
0,60,MIROC6,tropical_pacific,top40,0.541278368235663,0.4064732687287955,0.5204218670059989,0.575636703224744
0,60,MIROC6,tropical_pacific,top20,0.60541639914907,0.41658596180908114,0.5876676018056604,0.6426904343733311
0,60,MIROC6,southern_ocean,all,0.4283090300349984,0.385004043904343,0.4121630235107425,0.4411745931866057
0,60,MIROC6,southern_ocean,top40,0.5032306695356897,0.4263272469975973,0.4769178428822003,0.5351743959221115
0,60,MIROC6,southern_ocean,top20,0.5497079746543602,0.4511589669383272,0.5119178054018295,0.5982462634425931
0,60,MIROC6,north_atlantic,all,0.47257517215559075,0.44961324899098803,0.4501939510421929,0.4965342054982128
0,60,MIROC6,north_atlantic,top40,0.5721363583914406,0.511744822213666,0.5481675924124598,0.6087830932943473
0,60,MIROC6,north_atlantic,top20,0.629131155987628,0.5094047532698776,0.5929378847159933,0.6706404843405575
0,60,MIROC6,tropical_atlantic,all,0.41150924825822405,0.41474059932764606,0.4071052038020322,0.4166584181552285
0,60,MIROC6,tropical_atlantic,top40,0.4773198143543794,0.4772622216748321,0.462471821069476,0.4876431417792637
0,60,MIROC6,tropical_atlantic,top20,0.5178626013862535,0.5096223990097667,0.48914684191799157,0.5505675836803027
0,60,MIROC6,west_indian,all,0.45957060230995206,0.38685671260076837,0.4446795915218144,0.4886898468914851
0,60,MIROC6,west_indian,top40,0.5533075945132785,0.45255497542521983,0.509608106133825,0.590546256535796
0,60,MIROC6,west_indian,top20,0.6151342060692496,0.5016839282516968,0.52440822253848,0.6603075386752524
0,60,MPI-ESM1-2-LR,global,all,0.4038063682216659,0.38134682276446935,0.39327414107370934,0.41802521064456816
0,60,MPI-ESM1-2-LR,global,top40,0.4561061341329494,0.42045402954660976,0.43527166483122137,0.4779425513868051
0,60,MPI-ESM1-2-LR,global,top20,0.48674232478215373,0.44471458867373814,0.4598018427635441,0.5122700498143217
0,60,MPI-ESM1-2-LR,north_pacific,all,0.41834474216504425,0.3720370034325975,0.4047303450188354,0.44181552966313065
0,60,MPI-ESM1-2-LR,north_pacific,top40,0.4837838134240043,0.4141425971245241,0.4655575835140379,0.5174972757312782
0,60,MPI-ESM1-2-LR,north_pacific,top20,0.520928518859691,0.4512731952139491,0.5004634429636564,0.5621454130213984
0,60,MPI-ESM1-2-LR,tropical_pacific,all,0.42281300965820884,0.38899327420366214,0.40169500512978173,0.45017968949361276
0,60,MPI-ESM1-2-LR,tropical_pacific,top40,0.48648510408116497,0.4456317503276526,0.4315260040044147,0.5323128805692438
0,60,MPI-ESM1-2-LR,tropical_pacific,top20,0.5212036483080724,0.4634003943250416,0.4442253166146287,0.5819150307691834
0,60,MPI-ESM1-2-LR,southern_ocean,all,0.40852025891669663,0.393122146660654,0.387248901860284,0.4204021355213435
0,60,MPI-ESM1-2-LR,southern_ocean,top40,0.46399988290556876,0.4283147000068265,0.4272673260369196,0.4867616008875744
0,60,MPI-ESM1-2-LR,southern_ocean,top20,0.49749153639358373,0.44884487149321434,0.4516723440182532,0.5234583012445725
0,60,MPI-ESM1-2-LR,north_atlantic,all,0.4672318011259116,0.45431349908809426,0.42196812955508456,0.5069641434847943
0,60,MPI-ESM1-2-LR,north_atlantic,top40,0.5645271733506609,0.5150279870277353,0.500175914604642,0.6317948098939409
0,60,MPI-ESM1-2-LR,north_atlantic,top20,0.6164357772200552,0.5357901666231706,0.5488800207704229,0.6972225844006837
0,60,MPI-ESM1-2-LR,tropical_atlantic,all,0.4028636608467916,0.43265984165330545,0.377349919758503,0.417243521866095
0,60,MPI-ESM1-2-LR,tropical_atlantic,top40,0.4536231026318351,0.5214477433348723,0.41287639729764475,0.47183839181642784
0,60,MPI-ESM1-2-LR,tropical_atlantic,top20,0.48077275225690197,0.5792317926121507,0.4306696979398184,0.5085123156290219
0,60,MPI-ESM1-2-LR,west_indian,all,0.4197451011670439,0.3955912526312215,0.3718768754404443,0.44912715814133575
0,60,MPI-ESM1-2-LR,west_indian,top40,0.49016512252739375,0.4470078370324848,0.4130365173359957,0.5583805634411128
0,60,MPI-ESM1-2-LR,west_indian,top20,0.5324531223478336,0.4813066268525349,0.4477500151578725,0.6061085472434774
0,60,NorCPM1,global,all,0.4068380945606592,0.38775285054933956,0.39276385913923906,0.4177975911121622
0,60,NorCPM1,global,top40,0.4652377914325773,0.4307694642363463,0.4423960216913584,0.48221832411445703
0,60,NorCPM1,global,top20,0.5024843981955059,0.45980008861006616,0.4772059490319894,0.5197931881922038
0,60,NorCPM1,north_pacific,all,0.413945918423554,0.3920802898738454,0.40642488212597644,0.4179326748025234
0,60,NorCPM1,north_pacific,top40,0.4805909624084652,0.44791555982957976,0.4715058992305796,0.48845896525007254
0,60,NorCPM1,north_pacific,top20,0.5249095137601436,0.5043400576174732,0.5016870158610371,0.5398455332216129
0,60,NorCPM1,tropical_pacific,all,0.4060045936389257,0.3853786127762425,0.38285988847569924,0.42744470032475224
0,60,NorCPM1,tropical_pacific,top40,0.4673469686644582,0.4289140149843413,0.42593992718145396,0.5110993749452836
0,60,NorCPM1,tropical_pacific,top20,0.5085778506661638,0.4678337368166566,0.4649223235009755,0.5679122765396084
0,60,NorCPM1,southern_ocean,all,0.45315025758763383,0.42528358287648554,0.4400101148356197,0.465053830203795
0,60,NorCPM1,southern_ocean,top40,0.5475266473281022,0.4987214871219304,0.5282218973541484,0.568087953424551
0,60,NorCPM1,southern_ocean,top20,0.6001879065613157,0.5305193287682068,0.5785262769133181,0.6248234854414224
0,60,NorCPM1,north_atlantic,all,0.4389821683228602,0.438621773304347,0.42466173617050035,0.4708317777666507
0,60,NorCPM1,north_atlantic,top40,0.5144304250659218,0.5000994446581996,0.4882230086409147,0.5505505289864996
0,60,NorCPM1,north_atlantic,top20,0.5645031993228626,0.527813933596122,0.5312504341405223,0.5986663855387507
0,60,NorCPM1,tropical_atlantic,all,0.39786268443949235,0.4111754113766725,0.37334604433071966,0.4155290719063357
0,60,NorCPM1,tropical_atlantic,top40,0.4496498127608678,0.45999714897099037,0.4143077957339731,0.49206709436723145
0,60,NorCPM1,tropical_atlantic,top20,0.4838678112939868,0.501232707591464,0.4475509626697013,0.5538225260440205
0,60,NorCPM1,west_indian,all,0.40727778269882287,0.36385929310545695,0.3689995873479955,0.4272247783548772
0,60,NorCPM1,west_indian,top40,0.4632612310097081,0.39831013505288526,0.4052997105771733,0.5030283303990942
0,60,NorCPM1,west_indian,top20,0.5019789878402774,0.4381818956256728,0.44369754187084964,0.5403115912792804
24,60,ACCESS-ESM1-5,global,all,0.3754577190306006,0.3639941141833609,0.3639074411786909,0.38782900414311133
24,60,ACCESS-ESM1-5,global,top40,0.40474365718856564,0.39251618980310193,0.38438900977105994,0.4292237351947357
24,60,ACCESS-ESM1-5,global,top20,0.4194320926538917,0.41333741744789654,0.3927450913430679,0.44946750109102035
24,60,ACCESS-ESM1-5,north_pacific,all,0.36958844154099035,0.3878617650488862,0.3590157570147502,0.379777930654936
24,60,ACCESS-ESM1-5,north_pacific,top40,0.3968089594692459,0.44452855690534426,0.38700902765776246,0.41283760399630903
24,60,ACCESS-ESM1-5,north_pacific,top20,0.4108119053019994,0.4928450962026862,0.3981118622284369,0.4358510807023425
24,60,ACCESS-ESM1-5,tropical_pacific,all,0.37460190849475555,0.38905673247920664,0.35130724546104414,0.3924485666842422
24,60,ACCESS-ESM1-5,tropical_pacific,top40,0.4030493028457289,0.44882605678518966,0.38071794911718343,0.4340272569498573
24,60,ACCESS-ESM1-5,tropical_pacific,top20,0.4187657311664017,0.48707812673162293,0.3807931378716318,0.4583907681245037
24,60,ACCESS-ESM1-5,southern_ocean,all,0.39821645373251274,0.36630815485130613,0.36297005434237894,0.43230864246301254
24,60,ACCESS-ESM1-5,southern_ocean,top40,0.4423962036880674,0.385814361639548,0.37439376138280756,0.5203304836655666
24,60,ACCESS-ESM1-5,southern_ocean,top20,0.4595794442534079,0.39785025004180247,0.376691170724434,0.571317496664143
24,60,ACCESS-ESM1-5,north_atlantic,all,0.420689902797854,0.4038344299094094,0.38292988756668495,0.45063704298619967
24,60,ACCESS-ESM1-5,north_atlantic,top40,0.48277932396412127,0.4466950501284824,0.42024164282682785,0.5324225596100627
24,60,ACCESS-ESM1-5,north_atlantic,top20,0.519876212663514,0.45499656936786353,0.45580045680904574,0.5898319443745457
24,60,ACCESS-ESM1-5,tropical_atlantic,all,0.3847082940156191,0.37813777392600534,0.3522753726445369,0.405998986757202
24,60,ACCESS-ESM1-5,tropical_atlantic,top40,0.41839926016214646,0.4191074097815891,0.3599382119315966,0.4611297811177522
24,60,ACCESS-ESM1-5,tropical_atlantic,top20,0.4399154019915061,0.4503321817169969,0.3550089253045751,0.4977875878337234
24,60,ACCESS-ESM1-5,west_indian,all,0.3807859090977003,0.33572422315053085,0.3462924323643235,0.39677621768399124
24,60,ACCESS-ESM1-5,west_indian,top40,0.4095795909492129,0.3357957288401935,0.3414189608328231,0.43614168947999105
24,60,ACCESS-ESM1-5,west_indian,top20,0.42670456666049567,0.3532211837063537,0.34414548267285927,0.47257570603390603
24,60,CanESM5,global,all,0.3851914454930632,0.35791102908952127,0.38275512267415546,0.38800272983130263
24,60,CanESM5,global,top40,0.41880107129923794,0.3735156409706758,0.41269430023492154,0.42680703938330083
24,60,CanESM5,global,top20,0.4377859244479016,0.3839708330724432,0.42584145603399565,0.45071547125330014
24,60,CanESM5,north_pacific,all,0.3596853620114092,0.3745210681037809,0.35213997332923824,0.3642866467113357
24,60,CanESM5,north_pacific,top40,0.37891398237295904,0.40891994891697503,0.3639731296484661,0.3860651370477175
24,60,CanESM5,north_pacific,top20,0.39000079582504843,0.4366161231595296,0.37831850723077187,0.3988573250324574
24,60,CanESM5,tropical_pacific,all,0.35767800756196416,0.35898516939222747,0.3381764341612271,0.3862869020498323
24,60,CanESM5,tropical_pacific,top40,0.3719886188826956,0.3729400349086652,0.3429611978378855,0.4133806479807235
24,60,CanESM5,tropical_pacific,top20,0.378504397199013,0.38778389533108226,0.3329787999993882,0.4325749320118863
24,60,CanESM5,southern_ocean,all,0.4970858703336785,0.3726552029685126,0.4669103346667061,0.5249061943654919
24,60,CanESM5,southern_ocean,top40,0.594159266959248,0.39164261700195335,0.5532612408335629,0.6253157481683013
24,60,CanESM5,southern_ocean,top20,0.6466696628261757,0.4002303217860166,0.6037624219947137,0.6858669522065287
24,60,CanESM5,north_atlantic,all,0.39229816769169534,0.3726401931925219,0.37253339081258213,0.41297468192987946
24,60,CanESM5,north_atlantic,top40,0.438361736450405,0.4083495898329791,0.3907017035532605,0.47742504845102846
24,60,CanESM5,north_atlantic,top20,0.45920099607482284,0.42180527148907665,0.4030101006884756,0.5054443110709157
24,60,CanESM5,tropical_atlantic,all,0.37267688879577027,0.38210458296267413,0.3584683071642706,0.3829020169715299
24,60,CanESM5,tropical_atlantic,top40,0.39611434432919257,0.41414797862784103,0.3704050686767156,0.41351797865473267
24,60,CanESM5,tropical_atlantic,top20,0.41089063720989527,0.42712032654542387,0.3756285792037184,0.45315620000023793
24,60,CanESM5,west_indian,all,0.3523550150286787,0.31325808338461825,0.34188441567480404,0.35913616147985966
24,60,CanESM5,west_indian,top40,0.3581379776687301,0.2915445817264496,0.3380383811161688,0.3795506645791784
24,60,CanESM5,west_indian,top20,0.3580637629254458,0.29637205550518614,0.3226009874728791,0.39061919460729916
24,60,CNRM-CM6-1,global,all,0.39940622603427867,0.37417333619917775,0.3642690122858791,0.4318871058604114
24,60,CNRM-CM6-1,global,top40,0.4375181613576668,0.40158079461604834,0.395892775989242,0.4841718409822859
24,60,CNRM-CM6-1,global,top20,0.4590955508314653,0.41720974428904856,0.4197133127861157,0.5019281825930229
24,60,CNRM-CM6-1,north_pacific,all,0.43956531547349764,0.42055008932198,0.3856772539588973,0.5017949499457833
24,60,CNRM-CM6-1,north_pacific,top40,0.5080385138169998,0.48206604641829937,0.432775150528299,0.5856784452256649
24,60,CNRM-CM6-1,north_pacific,top20,0.5481611990720991,0.5285962044606298,0.45159398008201423,0.63459315854673
24,60,CNRM-CM6-1,tropical_pacific,all,0.3808929331004326,0.3861272777240484,0.3319796084463865,0.41415475060550977
24,60,CNRM-CM6-1,tropical_pacific,top40,0.4115227877711023,0.428295446340534,0.346057013218607,0.46688335172434353
24,60,CNRM-CM6-1,tropical_pacific,top20,0.42858292771250006,0.4537593123002346,0.3828792158190239,0.4931416878592702
24,60,CNRM-CM6-1,southern_ocean,all,0.353557389466958,0.3475668951436329,0.34176845868198363,0.3700591889851253
24,60,CNRM-CM6-1,southern_ocean,top40,0.36830603568065334,0.35057749934790045,0.34687572145033707,0.39598794625809364
24,60,CNRM-CM6-1,southern_ocean,top20,0.3742653593999115,0.3475940504541205,0.33856467065866536,0.39954515334172963
24,60,CNRM-CM6-1,north_atlantic,all,0.6112690826963207,0.43136541583208304,0.5332548083919793,0.6996402158716706
24,60,CNRM-CM6-1,north_atlantic,top40,0.7298328562450274,0.4924553418693066,0.6600227257071547,0.8269452089969274
24,60,CNRM-CM6-1,north_atlantic,top20,0.7839081418701308,0.5227273097940952,0.7437472416578947,0.8340343767651116
24,60,CNRM-CM6-1,tropical_atlantic,all,0.47651915823159097,0.4530763595060695,0.40112294404898685,0.5623211968050336
24,60,CNRM-CM6-1,tropical_atlantic,top40,0.546913405424908,0.5175321102290135,0.4728134021345413,0.6716231436261205
24,60,CNRM-CM6-1,tropical_atlantic,top20,0.5907970897372545,0.5251226549970293,0.4924130769365224,0.7424461588159034
24,60,CNRM-CM6-1,west_indian,all,0.4003140864062941,0.33987709921154163,0.3455631830679267,0.46064842832249003
24,60,CNRM-CM6-1,west_indian,top40,0.4421957065845711,0.31411161912509616,0.3721886455361935,0.55135382001484
24,60,CNRM-CM6-1,west_indian,top20,0.4695932773487656,0.29798300279361034,0.3822143061661016,0.5915294521777059
24,60,GISS-E2-1-G,global,all,0.37994966393844537,0.3531078158713347,0.3733499896713181,0.3894170922818286
24,60,GISS-E2-1-G,global,top40,0.41383649575094583,0.36863105456107453,0.40394007907612367,0.4277587846361042
24,60,GISS-E2-1-G,global,top20,0.4336148998180232,0.3797047238513859,0.41872644783291235,0.45030012960982907
24,60,GISS-E2-1-G,north_pacific,all,0.36239132627407994,0.35785126724276145,0.34462262797922494,0.37482892950994917
24,60,GISS-E2-1-G,north_pacific,top40,0.37956396201327863,0.37942351285984255,0.3472154831024698,0.39997871164247384
24,60,GISS-E2-1-G,north_pacific,top20,0.3902109707416749,0.4103103086817567,0.3451844383970798,0.4198896721742565
24,60,GISS-E2-1-G,tropical_pacific,all,0.3800245805502733,0.359407172524649,0.36750809017472147,0.4120575735540396
24,60,GISS-E2-1-G,tropical_pacific,top40,0.4103123247020785,0.38491950472983827,0.38222196014482845,0.4596334524971899
24,60,GISS-E2-1-G,tropical_pacific,top20,0.42399432873906473,0.4049641186515015,0.3712165337878954,0.48425761294799347
24,60,GISS-E2-1-G,southern_ocean,all,0.4041231798598778,0.39979260618399465,0.38440002744978263,0.4199672710891291
24,60,GISS-E2-1-G,southern_ocean,top40,0.4586086525468643,0.4338874235324149,0.4227425413221928,0.4850130416629699
24,60,GISS-E2-1-G,southern_ocean,top20,0.4920566132475107,0.4439555248467016,0.44899896747760176,0.5176102266184343
24,60,GISS-E2-1-G,north_atlantic,all,0.42147277857574156,0.3656980942470888,0.3941882208693421,0.44255769070347106
24,60,GISS-E2-1-G,north_atlantic,top40,0.48407750973539276,0.40077934558470246,0.43902059489408546,0.5172472002404594
24,60,GISS-E2-1-G,north_atlantic,top20,0.5221350226378144,0.4127961272419431,0.46112767943262806,0.5576152452944355
24,60,GISS-E2-1-G,tropical_atlantic,all,0.3929141118178219,0.38047218921926673,0.374005128760383,0.42883588349864804
24,60,GISS-E2-1-G,tropical_atlantic,top40,0.443259832272084,0.41451394434252814,0.41168818534614765,0.48821409563292
24,60,GISS-E2-1-G,tropical_atlantic,top20,0.47700200532868975,0.4322986353439254,0.441800662347325,0.524294220359181
24,60,GISS-E2-1-G,west_indian,all,0.40561622663971936,0.3120188288697923,0.371422032651525,0.42361071332697015
24,60,GISS-E2-1-G,west_indian,top40,0.45677777492928484,0.30749127723251135,0.40614541250401875,0.49277698380368445
24,60,GISS-E2-1-G,west_indian,top20,0.4880748597608723,0.3111698727333578,0.4319849087578426,0.5451221687717962
24,60,IPSL-CM6A-LR,global,all,0.38679651849863167,0.37120912903132425,0.3793697185386096,0.4047056021762323
24,60,IPSL-CM6A-LR,global,top40,0.4273388973549682,0.4018724014273204,0.40928865773801215,0.46679408394812116
24,60,IPSL-CM6A-LR,global,top20,0.45151639377894076,0.4250539750601557,0.4253947835485986,0.5030061678697653
24,60,IPSL-CM6A-LR,north_pacific,all,0.3973885127700696,0.41577564218763535,0.37749476568910234,0.42843141360387393
24,60,IPSL-CM6A-LR,north_pacific,top40,0.4473263189699752,0.4839832171172117,0.4119298032046219,0.5056054442080345
24,60,IPSL-CM6A-LR,north_pacific,top20,0.476127797269955,0.5496534468629354,0.4250514125925614,0.5459832746344312
24,60,IPSL-CM6A-LR,tropical_pacific,all,0.36983985418265125,0.38077435197709764,0.358448822085276,0.3760760188969033
24,60,IPSL-CM6A-LR,tropical_pacific,top40,0.39636541811506626,0.42430558202449575,0.37997527304978196,0.4213520787064315
24,60,IPSL-CM6A-LR,tropical_pacific,top20,0.4100138767005374,0.44856787731781433,0.3765227026876023,0.46292116513283316
24,60,IPSL-CM6A-LR,southern_ocean,all,0.3983552139129593,0.34983017753160833,0.37884491035137685,0.4306316473846913
24,60,IPSL-CM6A-LR,southern_ocean,top40,0.44382019818936047,0.360206240912665,0.4166140158433186,0.4970503488851468
24,60,IPSL-CM6A-LR,southern_ocean,top20,0.4659716259754039,0.3653431406876589,0.4361698638003986,0.5218235122434388
24,60,IPSL-CM6A-LR,north_atlantic,all,0.460442398248665,0.42634110651069246,0.42619339478051416,0.4829747202639209
24,60,IPSL-CM6A-LR,north_atlantic,top40,0.5491727972666668,0.48468914324453155,0.4996757664009764,0.5892570860263564
24,60,IPSL-CM6A-LR,north_atlantic,top20,0.6074255204339768,0.5151826264125957,0.5481095604385672,0.6603422567428826
24,60,IPSL-CM6A-LR,tropical_atlantic,all,0.4191293103694987,0.435660729340218,0.37490390884177804,0.4640689892415454
24,60,IPSL-CM6A-LR,tropical_atlantic,top40,0.4940767405432851,0.5041851988516848,0.420103453603495,0.5892525129574256
24,60,IPSL-CM6A-LR,tropical_atlantic,top20,0.5468402439195195,0.5475009747188866,0.4431902532499392,0.6598580819243832
24,60,IPSL-CM6A-LR,west_indian,all,0.418348550453969,0.3469723268545561,0.3760707745098072,0.4556114488780263
24,60,IPSL-CM6A-LR,west_indian,top40,0.4755674139775488,0.34798387288477506,0.3984557682365512,0.6044322524155464
24,60,IPSL-CM6A-LR,west_indian,top20,0.5032016468098234,0.3663176798698834,0.36694824286723104,0.6926481156806777
24,60,MIROC-ES2L,global,all,0.366003877476593,0.34675696455196464,0.36030258605098014,0.37189719787597625
24,60,MIROC-ES2L,global,top40,0.3901093754522684,0.3549832991486404,0.38031884622145834,0.4024289634770441
24,60,MIROC-ES2L,global,top20,0.40663400439860764,0.3602543170419463,0.39348995616244237,0.42253099210475303
24,60,MIROC-ES2L,north_pacific,all,0.3605374038349243,0.33623927373835494,0.3518457499963775,0.37193844310889546
24,60,MIROC-ES2L,north_pacific,top40,0.381032155667224,0.3400945845043251,0.3688061024004303,0.40237480314875024
24,60,MIROC-ES2L,north_pacific,top20,0.3944495045807582,0.34373330471760805,0.3797708929327474,0.42392900917193127
24,60,MIROC-ES2L,tropical_pacific,all,0.36828186214978775,0.35922774865600365,0.3601552395311987,0.37984130704919217
24,60,MIROC-ES2L,tropical_pacific,top40,0.393305728874963,0.38725026772118926,0.3804080068156435,0.4095150430864249
24,60,MIROC-ES2L,tropical_pacific,top20,0.4093733077732315,0.411626845022724,0.38995393793212607,0.4341830667773799
24,60,MIROC-ES2L,southern_ocean,all,0.3968295844799713,0.36577549547887167,0.3747766004701745,0.4224317454692678
24,60,MIROC-ES2L,southern_ocean,top40,0.44266337203928163,0.390126983028481,0.40552895754204793,0.48463648767479667
24,60,MIROC-ES2L,southern_ocean,top20,0.4706169440991891,0.40601131538751417,0.42443067574735727,0.5228340626515521
24,60,MIROC-ES2L,north_atlantic,all,0.36096577101445565,0.3379914337773785,0.3536663511364213,0.3660319716182899
24,60,MIROC-ES2L,north_atlantic,top40,0.37980463426429995,0.3333787047786879,0.3707847690360298,0.3926922739723879
24,60,MIROC-ES2L,north_atlantic,top20,0.3931763943811224,0.3176549162181011,0.3820387551539057,0.40935543779705236
24,60,MIROC-ES2L,tropical_atlantic,all,0.3487648446615116,0.33033088171931374,0.33680109626511084,0.375103034510243
24,60,MIROC-ES2L,tropical_atlantic,top40,0.36484329795423326,0.3284356502076242,0.340857284694362,0.4147023240445493
24,60,MIROC-ES2L,tropical_atlantic,top20,0.37651729237899445,0.3148030195068949,0.3362832321585587,0.4497529246819498
24,60,MIROC-ES2L,west_indian,all,0.3791769212460562,0.3430879094401531,0.3685866964118683,0.3990797023685027
24,60,MIROC-ES2L,west_indian,top40,0.4117840954618194,0.3477973830746706,0.3916384694988331,0.44878033878321233
24,60,MIROC-ES2L,west_indian,top20,0.43550126891788976,0.3654572543532883,0.4117187497299449,0.4848760840539742
24,60,MIROC6,global,all,0.38103443678686605,0.35442483068992825,0.3732435853187469,0.3876128199134269
24,60,MIROC6,global,top40,0.41584306305303004,0.3750391852444038,0.4001606394372967,0.4258200237137559
24,60,MIROC6,global,top20,0.43714960759015686,0.3850718355664743,0.41608400811252455,0.4550676032524039
24,60,MIROC6,north_pacific,all,0.36327930652047424,0.362922528134564,0.3558352023102933,0.3689997367717056
24,60,MIROC6,north_pacific,top40,0.38131909962553767,0.3950305007842002,0.37076969444101204,0.3912717902353741
24,60,MIROC6,north_pacific,top20,0.39347131421212655,0.41550650659466803,0.38302733709782577,0.40945338188170277
24,60,MIROC6,tropical_pacific,all,0.4030068846954481,0.3662547754193289,0.39220327669717103,0.4263181824772374
24,60,MIROC6,tropical_pacific,top40,0.4530061772965869,0.39298074624513196,0.4276928389498143,0.48231490808799093
24,60,MIROC6,tropical_pacific,top20,0.4805526655001908,0.38867304493485944,0.4431447421717438,0.5023408226246031
24,60,MIROC6,southern_ocean,all,0.39573006985708864,0.3419501350639261,0.3871577941627582,0.40689902379323983
24,60,MIROC6,southern_ocean,top40,0.4403586164321128,0.35780762751143913,0.4223300319429247,0.46040634841227707
24,60,MIROC6,southern_ocean,top20,0.46766378306113127,0.3674269004777873,0.4471138594230834,0.4979000525505179
24,60,MIROC6,north_atlantic,all,0.421000671341836,0.39001915484503885,0.4026321989868194,0.4396735927626571
24,60,MIROC6,north_atlantic,top40,0.48463482044992584,0.42043563433170317,0.44787720332802744,0.5189442518477603
24,60,MIROC6,north_atlantic,top20,0.5221488371544758,0.42873066575809554,0.46946250579521076,0.5715266792195258
24,60,MIROC6,tropical_atlantic,all,0.39163142244200816,0.37846148161667237,0.3759485129949887,0.40061569249867013
24,60,MIROC6,tropical_atlantic,top40,0.43504019559053697,0.4122848247392441,0.40513351815553267,0.4513858099608609
24,60,MIROC6,tropical_atlantic,top20,0.45781085584315234,0.4371661388040544,0.4265166787486354,0.48666606811871066
24,60,MIROC6,west_indian,all,0.4123171561340685,0.36659622404757375,0.4049642532522853,0.42543723932969507
24,60,MIROC6,west_indian,top40,0.4692939911465072,0.4202399774272295,0.4548663014663419,0.4894255242328077
24,60,MIROC6,west_indian,top20,0.5033841805821095,0.48062273019912843,0.4628840285587967,0.527124618772866
24,60,MPI-ESM1-2-LR,global,all,0.3671077387398275,0.3538174410721609,0.3525694468787993,0.38001968879134085
24,60,MPI-ESM1-2-LR,global,top40,0.39268978809752403,0.36913129821775514,0.3720272345237402,0.413316020147085
24,60,MPI-ESM1-2-LR,global,top20,0.4093224743859327,0.37775022553722293,0.3883745805376503,0.4325559270455206
24,60,MPI-ESM1-2-LR,north_pacific,all,0.3699212394638812,0.3367704610169338,0.3615744831413392,0.380676885807025
24,60,MPI-ESM1-2-LR,north_pacific,top40,0.3937251016209163,0.342264058789597,0.37952754802935484,0.4093407174947243
24,60,MPI-ESM1-2-LR,north_pacific,top20,0.411121216987507,0.3513879985438199,0.3900368816626272,0.42646859264268455
24,60,MPI-ESM1-2-LR,tropical_pacific,all,0.3714527862182547,0.3741716943575988,0.33836595081876975,0.4064252925875191
24,60,MPI-ESM1-2-LR,tropical_pacific,top40,0.39963503209506296,0.4030558006672908,0.35062677062581443,0.4540267512628638
24,60,MPI-ESM1-2-LR,tropical_pacific,top20,0.41747821553714576,0.4094578159700489,0.33459576505052796,0.47317111044724014
24,60,MPI-ESM1-2-LR,southern_ocean,all,0.3731443108138035,0.35304623395340895,0.3534530464028568,0.3850938168623119
24,60,MPI-ESM1-2-LR,southern_ocean,top40,0.4048601036844797,0.35965700956682867,0.3739885636121083,0.4215892072220868
24,60,MPI-ESM1-2-LR,southern_ocean,top20,0.42483633043783203,0.3606449251105389,0.3914307268124643,0.44527651196765194
24,60,MPI-ESM1-2-LR,north_atlantic,all,0.4287540136862214,0.3923709515356824,0.39247746425244684,0.46286280968255145
24,60,MPI-ESM1-2-LR,north_atlantic,top40,0.5001879277177409,0.42200902265567114,0.4439831269618431,0.5585375312081972
24,60,MPI-ESM1-2-LR,north_atlantic,top20,0.5398348096128908,0.43702037018533485,0.47415618548610594,0.5993828761827021
24,60,MPI-ESM1-2-LR,tropical_atlantic,all,0.3753853269818044,0.4139986900744678,0.3640784579765452,0.3901874646638047
24,60,MPI-ESM1-2-LR,tropical_atlantic,top40,0.40761456451555345,0.47989434562019123,0.3902531577088488,0.42813503529658864
24,60,MPI-ESM1-2-LR,tropical_atlantic,top20,0.4249373946955924,0.5090489334936794,0.40298060505140654,0.4438926387358413
24,60,MPI-ESM1-2-LR,west_indian,all,0.37286303406935045,0.33787990181258565,0.35480460618489235,0.3929950088936024
24,60,MPI-ESM1-2-LR,west_indian,top40,0.4063985971894778,0.3484495852803726,0.3646709033919731,0.4500902184352087
24,60,MPI-ESM1-2-LR,west_indian,top20,0.42908541322366095,0.3750794638121649,0.3649203623457446,0.48196713430462523
24,60,NorCPM1,global,all,0.36703378766067724,0.3566064855791515,0.35406987975993176,0.37690112708257384
24,60,NorCPM1,global,top40,0.39185919973676137,0.37363607851325153,0.36925151654635435,0.40956390270686127
24,60,NorCPM1,global,top20,0.40905919686473924,0.38053912705634907,0.3807101377827453,0.43327095913784974
24,60,NorCPM1,north_pacific,all,0.3526300342912648,0.356413816130824,0.3431538728607729,0.35853565656303477
24,60,NorCPM1,north_pacific,top40,0.36364334910919055,0.3755308670939741,0.3409838022375508,0.3750120413719187
24,60,NorCPM1,north_pacific,top20,0.3733346226273036,0.3910357244624324,0.3378974441124964,0.3907383644392949
24,60,NorCPM1,tropical_pacific,all,0.35387293321758545,0.3548149787025053,0.3330604333124163,0.38218214562340413
24,60,NorCPM1,tropical_pacific,top40,0.36862676925440696,0.3738275980659643,0.3276028940824749,0.4235266702902611
24,60,NorCPM1,tropical_pacific,top20,0.38251318744289176,0.3819874327858204,0.3287419369782934,0.46161023313487853
24,60,NorCPM1,southern_ocean,all,0.4032479584235736,0.39062674656019075,0.392327537058319,0.4154118686462928
24,60,NorCPM1,southern_ocean,top40,0.45909623674166855,0.42988320739189073,0.4447666013618745,0.4817547918935242
24,60,NorCPM1,southern_ocean,top20,0.4926025801106958,0.4458689991932294,0.4769599654745842,0.516541096089415
24,60,NorCPM1,north_atlantic,all,0.4001832240449145,0.3881253513537715,0.3858578424632688,0.4208894619372415
24,60,NorCPM1,north_atlantic,top40,0.4508817971911584,0.4242981693330678,0.43482875687352596,0.4757984073070761
24,60,NorCPM1,north_atlantic,top20,0.4805694519826031,0.43758582516261924,0.4565246141951044,0.5092042081133213
24,60,NorCPM1,tropical_atlantic,all,0.36174599579345523,0.36052840994817675,0.3345564224827057,0.37902966366134955
24,60,NorCPM1,tropical_atlantic,top40,0.38327874805149753,0.3869747924633538,0.3399551637792597,0.4194803876176431
24,60,NorCPM1,tropical_atlantic,top20,0.39860803681769574,0.4061142637358068,0.35146155493930703,0.44332166477064033
24,60,NorCPM1,west_indian,all,0.36772845227958245,0.33685267979246863,0.34925258222269107,0.3813357571400116
24,60,NorCPM1,west_indian,top40,0.3944113798482136,0.33809414593705084,0.35527357631916456,0.42978389572566755
24,60,NorCPM1,west_indian,top20,0.40644030335551873,0.33613762668786307,0.36035726285425984,0.4628149332361514
